<?xml version="1.0"?>
<root>
	<menu>
		<item name="Technado Support Channels!" />
		<item />
		<item name="Log a ticket" path="https://technado.com.au/contact-us/" icon="C:\Users\Patch\Downloads\TrayLauncherV2.6.0\technado_icon_sq.ico" />
		<item name="Support Portal" path="&quot;C:\Program Files\Google\Chrome\Application\chrome.exe&quot; https://help.technado.com.au/" icon="C:\Users\Patch\Downloads\TrayLauncherV2.6.0\technado_icon_sq.ico" />
		<item name="Technado Website" path="&quot;C:\Program Files\Google\Chrome\Application\chrome.exe&quot; https://www.technado.com.au" icon="C:\Users\Patch\Downloads\TrayLauncherV2.6.0\technado_icon_sq.ico" />
		<item name="1300 473 010" />
	</menu>
</root>
